groupid,ofe_loss_2018-23_mean,ofe_loss_2018-23_median,ofe_loss_2018-23_std,runoff_2018-2023_mean,runoff_2018-2023_median,runoff_2018-2023_std
1_1_2_Corn/Perennial,0.2953,0.2953,0.1998283763633183,139.9812,139.9812,163.21509434026007
1_3_2_Corn/Perennial,0.86385,0.86385,0.34754298295318803,502.6153,502.6153,2.67639916679106
